<configuration>

	<appender name="FILE"
		class="ch.qos.logback.core.rolling.RollingFileAppender">
		<file>/opt/payara41/glassfish/domains/domain1/logs/lucene.log</file>
		<rollingPolicy class="ch.qos.logback.core.rolling.TimeBasedRollingPolicy">
			<fileNamePattern>/opt/payara41/glassfish/domains/domain1/logs/lucene.log.%d{yyyy-MM-dd}.%i.zip
			</fileNamePattern>
			<maxHistory>30</maxHistory>
			<timeBasedFileNamingAndTriggeringPolicy
				class="ch.qos.logback.core.rolling.SizeAndTimeBasedFNATP">
				<maxFileSize>100MB</maxFileSize>
			</timeBasedFileNamingAndTriggeringPolicy>
		</rollingPolicy>

		<encoder>
			<pattern>%date %level [%thread] %C{0} - %msg%n
			</pattern>
		</encoder>
	</appender>

	<root level="INFO">
		<appender-ref ref="FILE" />
	</root>

</configuration>
